{"redux-section":"8","last_tab":"","enable-preloader":"1","body-background":{"background-color":"","background-repeat":"","background-size":"","background-attachment":"","background-position":"","background-image":"","media":{"id":"","height":"","width":"","thumbnail":""}},"top-bar-show-hide":"1","top-bar-phone":"Phone: +(600) 125-4985-214","top-bar-email":"Email: info@yoursite.com","top-bar-time":"Opening: 08AM - 09PM","top-bar-show-social":"1","top-bar-btn-text":"Get a Quote","top-bar-btn-link":"#","sidebar-popup-show-hide":"1","sidebar-popup-title":"About Bizwheel","sidebar-popup-content":"The main component of a healthy environment for self esteem is that it needs be nurturing. It should provide unconditional warmth.","sidebar-popup-social":"1","sidebar-popup-menu":"1","sidebar-popup-menu-title":"Important Links","social-links":{"1":"Facebook","2":"Twitter","3":"Linkedin","4":"Pinterest","5":"Instagram","6":"","7":"","8":"","9":"","10":""},"footer-background-image":{"background-color":"","background-repeat":"","background-size":"","background-attachment":"","background-position":"","background-image":"http:\/\/localhost\/BizWheel\/wp-content\/themes\/bizwheel\/assets\/img\/map.png","media":{"id":"","height":"","width":"","thumbnail":""}},"footer-background-color":"#2e2751","copyright-text":"\u00a9 Copyright <a href=\"#\" target=\"_blank\" rel=\"noopener\">Bizwheel<\/a>. Design &amp; Development By <a href=\"#\" target=\"_blank\" rel=\"noopener\">ThemeLamp<\/a>.","custom-css":"","custom-js":"jQuery(document).ready(function(){\r\n\r\n});","custom-php":"<?php echo \"PHP String\";","import_link":"","redux-backup":"1"}